dataset,method,prefix_dimension,projection_count,per_projection_neighbors,candidate_limit,collision_threshold,scalar_hits_consumed,mean_candidates,mean_candidate_percent,recall_at_10_percent,relative_multiply_adds_percent,prefix_storage_percent
standard_1536_text_embeddings,trained_pca,,1,25,,1,25,25.000,0.2778,1.1200,,
standard_1536_text_embeddings,trained_pca,,1,50,,1,50,50.000,0.5556,2.4400,,
standard_1536_text_embeddings,trained_pca,,1,100,,1,100,100.000,1.1111,4.9800,,
standard_1536_text_embeddings,trained_pca,,1,250,,1,250,250.000,2.7778,10.7800,,
standard_1536_text_embeddings,trained_pca,,1,500,,1,500,500.000,5.5556,20.9400,,
standard_1536_text_embeddings,trained_pca,,1,750,,1,750,750.000,8.3333,30.5600,,
standard_1536_text_embeddings,trained_pca,,1,1000,,1,1000,1000.000,11.1111,38.7400,,
standard_1536_text_embeddings,trained_pca,,1,1250,,1,1250,1250.000,13.8889,47.2600,,
standard_1536_text_embeddings,trained_pca,,1,1500,,1,1500,1500.000,16.6667,55.0600,,
standard_1536_text_embeddings,trained_pca,,1,2000,,1,2000,2000.000,22.2222,66.1800,,
standard_1536_text_embeddings,trained_pca,,1,2500,,1,2500,2500.000,27.7778,74.5800,,
standard_1536_text_embeddings,trained_pca,,1,2750,,1,2750,2750.000,30.5556,77.9000,,
standard_1536_text_embeddings,trained_pca,,1,3000,,1,3000,3000.000,33.3333,80.7800,,
standard_1536_text_embeddings,trained_pca,,1,3250,,1,3250,3250.000,36.1111,83.4200,,
standard_1536_text_embeddings,trained_pca,,1,3500,,1,3500,3500.000,38.8889,85.5200,,
standard_1536_text_embeddings,trained_pca,,1,3750,,1,3750,3750.000,41.6667,87.6200,,
standard_1536_text_embeddings,trained_pca,,1,4000,,1,4000,4000.000,44.4444,89.1000,,
standard_1536_text_embeddings,trained_pca,,1,4250,,1,4250,4250.000,47.2222,90.6400,,
standard_1536_text_embeddings,trained_pca,,1,4500,,1,4500,4500.000,50.0000,91.6400,,
standard_1536_text_embeddings,trained_pca,,1,5000,,1,5000,5000.000,55.5556,93.6000,,
standard_1536_text_embeddings,trained_pca,,1,6000,,1,6000,6000.000,66.6667,96.0800,,
standard_1536_text_embeddings,trained_pca,,2,25,,1,50,49.870,0.5541,2.1800,,
standard_1536_text_embeddings,trained_pca,,2,50,,1,100,99.506,1.1056,4.6800,,
standard_1536_text_embeddings,trained_pca,,2,100,,1,200,198.254,2.2028,9.0200,,
standard_1536_text_embeddings,trained_pca,,2,250,,1,500,489.280,5.4364,20.3600,,
standard_1536_text_embeddings,trained_pca,,2,500,,1,1000,958.068,10.6452,35.7200,,
standard_1536_text_embeddings,trained_pca,,2,750,,1,1500,1406.966,15.6330,48.9800,,
standard_1536_text_embeddings,trained_pca,,2,1000,,1,2000,1836.978,20.4109,58.9400,,
standard_1536_text_embeddings,trained_pca,,2,1250,,1,2500,2248.174,24.9797,67.5800,,
standard_1536_text_embeddings,trained_pca,,2,1500,,1,3000,2642.596,29.3622,74.0000,,
standard_1536_text_embeddings,trained_pca,,2,2000,,1,4000,3391.126,37.6792,82.1400,,
standard_1536_text_embeddings,trained_pca,,2,2500,,1,5000,4093.492,45.4832,87.8400,,
standard_1536_text_embeddings,trained_pca,,2,2750,,1,5500,4429.336,49.2148,90.0000,,
standard_1536_text_embeddings,trained_pca,,2,3000,,1,6000,4756.322,52.8480,91.7400,,
standard_1536_text_embeddings,trained_pca,,2,3250,,1,6500,5074.134,56.3793,93.1000,,
standard_1536_text_embeddings,trained_pca,,2,3500,,1,7000,5384.442,59.8271,94.1800,,
standard_1536_text_embeddings,trained_pca,,2,3750,,1,7500,5686.312,63.1812,95.1600,,
standard_1536_text_embeddings,trained_pca,,2,4000,,1,8000,5978.734,66.4304,95.9200,,
standard_1536_text_embeddings,trained_pca,,2,4250,,1,8500,6259.622,69.5514,96.6400,,
standard_1536_text_embeddings,trained_pca,,2,4500,,1,9000,6531.510,72.5723,97.0600,,
standard_1536_text_embeddings,trained_pca,,2,5000,,1,10000,7044.400,78.2711,97.8800,,
standard_1536_text_embeddings,trained_pca,,2,6000,,1,12000,7942.606,88.2512,99.0600,,
standard_1536_text_embeddings,trained_pca,,4,25,,1,100,99.460,1.1051,3.7400,,
standard_1536_text_embeddings,trained_pca,,4,50,,1,200,197.968,2.1996,7.8000,,
standard_1536_text_embeddings,trained_pca,,4,100,,1,400,392.040,4.3560,14.8400,,
standard_1536_text_embeddings,trained_pca,,4,250,,1,1000,951.946,10.5772,32.1200,,
standard_1536_text_embeddings,trained_pca,,4,500,,1,2000,1815.382,20.1709,53.3200,,
standard_1536_text_embeddings,trained_pca,,4,750,,1,3000,2599.498,28.8833,67.8200,,
standard_1536_text_embeddings,trained_pca,,4,1000,,1,4000,3312.612,36.8068,77.9400,,
standard_1536_text_embeddings,trained_pca,,4,1250,,1,5000,3957.868,43.9763,84.6400,,
standard_1536_text_embeddings,trained_pca,,4,1500,,1,6000,4545.006,50.5001,89.2400,,
standard_1536_text_embeddings,trained_pca,,4,2000,,1,8000,5565.310,61.8368,94.5000,,
standard_1536_text_embeddings,trained_pca,,4,2500,,1,10000,6409.302,71.2145,97.1000,,
standard_1536_text_embeddings,trained_pca,,4,2750,,1,11000,6770.646,75.2294,97.8200,,
standard_1536_text_embeddings,trained_pca,,4,3000,,1,12000,7095.800,78.8422,98.4200,,
standard_1536_text_embeddings,trained_pca,,4,3250,,1,13000,7387.126,82.0792,98.7600,,
standard_1536_text_embeddings,trained_pca,,4,3500,,1,14000,7649.664,84.9963,99.1400,,
standard_1536_text_embeddings,trained_pca,,4,3750,,1,15000,7880.730,87.5637,99.5800,,
standard_1536_text_embeddings,trained_pca,,4,4000,,1,16000,8085.734,89.8415,99.7600,,
standard_1536_text_embeddings,trained_pca,,4,4250,,1,17000,8262.714,91.8079,99.8200,,
standard_1536_text_embeddings,trained_pca,,4,4500,,1,18000,8413.300,93.4811,99.8600,,
standard_1536_text_embeddings,trained_pca,,4,5000,,1,20000,8647.596,96.0844,99.9600,,
standard_1536_text_embeddings,trained_pca,,4,6000,,1,24000,8909.908,98.9990,100.0000,,
standard_1536_text_embeddings,trained_pca,,8,25,,1,200,197.912,2.1990,6.2400,,
standard_1536_text_embeddings,trained_pca,,8,50,,1,400,391.782,4.3531,12.3000,,
standard_1536_text_embeddings,trained_pca,,8,100,,1,800,767.646,8.5294,23.2400,,
standard_1536_text_embeddings,trained_pca,,8,250,,1,2000,1805.922,20.0658,47.8800,,
standard_1536_text_embeddings,trained_pca,,8,500,,1,4000,3274.534,36.3837,71.4000,,
standard_1536_text_embeddings,trained_pca,,8,750,,1,6000,4467.246,49.6361,84.1000,,
standard_1536_text_embeddings,trained_pca,,8,1000,,1,8000,5434.956,60.3884,91.3000,,
standard_1536_text_embeddings,trained_pca,,8,1250,,1,10000,6213.592,69.0399,94.9200,,
standard_1536_text_embeddings,trained_pca,,8,1500,,1,12000,6841.396,76.0155,97.3000,,
standard_1536_text_embeddings,trained_pca,,8,2000,,1,16000,7741.810,86.0201,99.1000,,
standard_1536_text_embeddings,trained_pca,,8,2500,,1,20000,8301.570,92.2397,99.6600,,
standard_1536_text_embeddings,trained_pca,,8,2750,,1,22000,8491.156,94.3462,99.7800,,
standard_1536_text_embeddings,trained_pca,,8,3000,,1,24000,8635.262,95.9474,99.9200,,
standard_1536_text_embeddings,trained_pca,,8,3250,,1,26000,8743.456,97.1495,99.9600,,
standard_1536_text_embeddings,trained_pca,,8,3500,,1,28000,8823.882,98.0431,99.9600,,
standard_1536_text_embeddings,trained_pca,,8,3750,,1,30000,8881.484,98.6832,99.9600,,
standard_1536_text_embeddings,trained_pca,,8,4000,,1,32000,8922.430,99.1381,100.0000,,
standard_1536_text_embeddings,trained_pca,,8,4250,,1,34000,8950.676,99.4520,100.0000,,
standard_1536_text_embeddings,trained_pca,,8,4500,,1,36000,8969.652,99.6628,100.0000,,
standard_1536_text_embeddings,trained_pca,,8,5000,,1,40000,8989.750,99.8861,100.0000,,
standard_1536_text_embeddings,trained_pca,,8,6000,,1,48000,8999.424,99.9936,100.0000,,
standard_1536_text_embeddings,trained_pca,,16,25,,1,400,391.684,4.3520,9.8800,,
standard_1536_text_embeddings,trained_pca,,16,50,,1,800,767.372,8.5264,19.6000,,
standard_1536_text_embeddings,trained_pca,,16,100,,1,1600,1471.064,16.3452,35.1200,,
standard_1536_text_embeddings,trained_pca,,16,250,,1,4000,3255.452,36.1717,64.9600,,
standard_1536_text_embeddings,trained_pca,,16,500,,1,8000,5372.028,59.6892,87.0800,,
standard_1536_text_embeddings,trained_pca,,16,750,,1,12000,6737.372,74.8597,95.2800,,
standard_1536_text_embeddings,trained_pca,,16,1000,,1,16000,7608.832,84.5426,98.1200,,
standard_1536_text_embeddings,trained_pca,,16,1250,,1,20000,8157.088,90.6343,99.3400,,
standard_1536_text_embeddings,trained_pca,,16,1500,,1,24000,8498.158,94.4240,99.8400,,
standard_1536_text_embeddings,trained_pca,,16,2000,,1,32000,8833.228,98.1470,99.9800,,
standard_1536_text_embeddings,trained_pca,,16,2500,,1,40000,8949.558,99.4395,100.0000,,
standard_1536_text_embeddings,trained_pca,,16,2750,,1,44000,8973.348,99.7039,100.0000,,
standard_1536_text_embeddings,trained_pca,,16,3000,,1,48000,8986.524,99.8503,100.0000,,
standard_1536_text_embeddings,trained_pca,,16,3250,,1,52000,8993.504,99.9278,100.0000,,
standard_1536_text_embeddings,trained_pca,,16,3500,,1,56000,8997.060,99.9673,100.0000,,
standard_1536_text_embeddings,trained_pca,,16,3750,,1,60000,8998.672,99.9852,100.0000,,
standard_1536_text_embeddings,trained_pca,,16,4000,,1,64000,8999.438,99.9938,100.0000,,
standard_1536_text_embeddings,trained_pca,,16,4250,,1,68000,8999.774,99.9975,100.0000,,
standard_1536_text_embeddings,trained_pca,,16,4500,,1,72000,8999.918,99.9991,100.0000,,
standard_1536_text_embeddings,trained_pca,,16,5000,,1,80000,8999.988,99.9999,100.0000,,
standard_1536_text_embeddings,trained_pca,,16,6000,,1,96000,9000.000,100.0000,100.0000,,
standard_1536_text_embeddings,gaussian_or,,4,64,,1,256,253.248,2.8139,4.2600,,
standard_1536_text_embeddings,gaussian_or,,4,128,,1,512,501.090,5.5677,8.8400,,
standard_1536_text_embeddings,gaussian_or,,4,256,,1,1024,980.846,10.8983,16.0400,,
standard_1536_text_embeddings,gaussian_or,,4,512,,1,2048,1878.582,20.8731,30.6400,,
standard_1536_text_embeddings,gaussian_or,,4,1024,,1,4096,3444.518,38.2724,51.3000,,
standard_1536_text_embeddings,gaussian_or,,8,64,,1,512,499.366,5.5485,8.0000,,
standard_1536_text_embeddings,gaussian_or,,8,128,,1,1024,974.354,10.8262,16.0400,,
standard_1536_text_embeddings,gaussian_or,,8,256,,1,2048,1854.184,20.6020,29.5200,,
standard_1536_text_embeddings,gaussian_or,,8,512,,1,4096,3363.188,37.3688,49.8000,,
standard_1536_text_embeddings,gaussian_or,,8,1024,,1,8192,5567.046,61.8561,75.3600,,
standard_1536_text_embeddings,gaussian_or,,12,64,,1,768,738.460,8.2051,11.7400,,
standard_1536_text_embeddings,gaussian_or,,12,128,,1,1536,1420.614,15.7846,22.4400,,
standard_1536_text_embeddings,gaussian_or,,12,256,,1,3072,2632.328,29.2481,40.2600,,
standard_1536_text_embeddings,gaussian_or,,12,512,,1,6144,4538.156,50.4240,64.0800,,
standard_1536_text_embeddings,gaussian_or,,12,1024,,1,12288,6878.322,76.4258,87.3800,,
standard_1536_text_embeddings,gaussian_or,,16,64,,1,1024,971.036,10.7893,15.2400,,
standard_1536_text_embeddings,gaussian_or,,16,128,,1,2048,1842.976,20.4775,28.7200,,
standard_1536_text_embeddings,gaussian_or,,16,256,,1,4096,3326.858,36.9651,49.6000,,
standard_1536_text_embeddings,gaussian_or,,16,512,,1,8192,5467.654,60.7517,74.8200,,
standard_1536_text_embeddings,gaussian_or,,16,1024,,1,16384,7687.756,85.4195,93.9800,,
standard_1536_text_embeddings,gaussian_or,,20,64,,1,1280,1196.554,13.2950,19.1600,,
standard_1536_text_embeddings,gaussian_or,,20,128,,1,2560,2240.794,24.8977,34.5200,,
standard_1536_text_embeddings,gaussian_or,,20,256,,1,5120,3945.058,43.8340,57.7400,,
standard_1536_text_embeddings,gaussian_or,,20,512,,1,10240,6202.334,68.9148,82.0600,,
standard_1536_text_embeddings,gaussian_or,,20,1024,,1,20480,8188.378,90.9820,96.9400,,
standard_1536_text_embeddings,gaussian_or,,24,64,,1,1536,1415.958,15.7329,22.2000,,
standard_1536_text_embeddings,gaussian_or,,24,128,,1,3072,2616.940,29.0771,39.4200,,
standard_1536_text_embeddings,gaussian_or,,24,256,,1,6144,4495.212,49.9468,63.8000,,
standard_1536_text_embeddings,gaussian_or,,24,512,,1,12288,6783.730,75.3748,86.8000,,
standard_1536_text_embeddings,gaussian_or,,24,1024,,1,24576,8497.804,94.4200,98.2200,,
standard_1536_text_embeddings,gaussian_or,,28,64,,1,1792,1629.574,18.1064,25.1000,,
standard_1536_text_embeddings,gaussian_or,,28,128,,1,3584,2972.252,33.0250,44.2600,,
standard_1536_text_embeddings,gaussian_or,,28,256,,1,7168,4985.634,55.3959,69.4200,,
standard_1536_text_embeddings,gaussian_or,,28,512,,1,14336,7244.660,80.4962,90.8600,,
standard_1536_text_embeddings,gaussian_or,,28,1024,,1,28672,8689.252,96.5472,99.1400,,
standard_1536_text_embeddings,gaussian_or,,32,64,,1,2048,1836.644,20.4072,28.0200,,
standard_1536_text_embeddings,gaussian_or,,32,128,,1,4096,3306.912,36.7435,48.9200,,
standard_1536_text_embeddings,gaussian_or,,32,256,,1,8192,5421.214,60.2357,74.6800,,
standard_1536_text_embeddings,gaussian_or,,32,512,,1,16384,7609.084,84.5454,93.7400,,
standard_1536_text_embeddings,gaussian_or,,32,1024,,1,32768,8806.628,97.8514,99.6400,,
standard_1536_text_embeddings,gaussian_or,,36,64,,1,2304,2038.502,22.6500,30.7600,,
standard_1536_text_embeddings,gaussian_or,,36,128,,1,4608,3623.748,40.2639,52.9000,,
standard_1536_text_embeddings,gaussian_or,,36,256,,1,9216,5810.362,64.5596,78.3600,,
standard_1536_text_embeddings,gaussian_or,,36,512,,1,18432,7896.654,87.7406,95.3800,,
standard_1536_text_embeddings,gaussian_or,,36,1024,,1,36864,8879.626,98.6625,99.8000,,
standard_1536_text_embeddings,gaussian_or,,40,64,,1,2560,2234.250,24.8250,34.0600,,
standard_1536_text_embeddings,gaussian_or,,40,128,,1,5120,3923.154,43.5906,56.9800,,
standard_1536_text_embeddings,gaussian_or,,40,256,,1,10240,6156.458,68.4051,81.6600,,
standard_1536_text_embeddings,gaussian_or,,40,512,,1,20480,8124.100,90.2678,96.5800,,
standard_1536_text_embeddings,gaussian_or,,40,1024,,1,40960,8925.286,99.1698,99.9200,,
standard_1536_text_embeddings,gaussian_or,,44,64,,1,2816,2424.338,26.9371,36.9200,,
standard_1536_text_embeddings,gaussian_or,,44,128,,1,5632,4204.796,46.7200,60.7600,,
standard_1536_text_embeddings,gaussian_or,,44,256,,1,11264,6463.806,71.8201,84.3600,,
standard_1536_text_embeddings,gaussian_or,,44,512,,1,22528,8304.284,92.2698,97.5600,,
standard_1536_text_embeddings,gaussian_or,,44,1024,,1,45056,8953.026,99.4781,99.9600,,
standard_1536_text_embeddings,gaussian_or,,48,64,,1,3072,2609.354,28.9928,39.7400,,
standard_1536_text_embeddings,gaussian_or,,48,128,,1,6144,4470.724,49.6747,64.1000,,
standard_1536_text_embeddings,gaussian_or,,48,256,,1,12288,6737.996,74.8666,87.0600,,
standard_1536_text_embeddings,gaussian_or,,48,512,,1,24576,8448.216,93.8691,98.2200,,
standard_1536_text_embeddings,gaussian_or,,48,1024,,1,49152,8970.380,99.6709,99.9800,,
standard_1536_text_embeddings,gaussian_or,,52,64,,1,3328,2788.864,30.9874,42.4800,,
standard_1536_text_embeddings,gaussian_or,,52,128,,1,6656,4722.144,52.4683,67.4600,,
standard_1536_text_embeddings,gaussian_or,,52,256,,1,13312,6982.686,77.5854,89.0400,,
standard_1536_text_embeddings,gaussian_or,,52,512,,1,26624,8561.846,95.1316,98.6800,,
standard_1536_text_embeddings,gaussian_or,,52,1024,,1,53248,8981.578,99.7953,99.9800,,
standard_1536_text_embeddings,gaussian_or,,56,64,,1,3584,2963.786,32.9310,44.9000,,
standard_1536_text_embeddings,gaussian_or,,56,128,,1,7168,4960.400,55.1156,70.0400,,
standard_1536_text_embeddings,gaussian_or,,56,256,,1,14336,7202.786,80.0310,90.6400,,
standard_1536_text_embeddings,gaussian_or,,56,512,,1,28672,8652.744,96.1416,98.9600,,
standard_1536_text_embeddings,gaussian_or,,56,1024,,1,57344,8988.392,99.8710,99.9800,,
standard_1536_text_embeddings,gaussian_or,,60,64,,1,3840,3132.972,34.8108,47.2200,,
standard_1536_text_embeddings,gaussian_or,,60,128,,1,7680,5183.996,57.6000,72.2400,,
standard_1536_text_embeddings,gaussian_or,,60,256,,1,15360,7395.962,82.1774,92.1000,,
standard_1536_text_embeddings,gaussian_or,,60,512,,1,30720,8724.382,96.9376,99.2600,,
standard_1536_text_embeddings,gaussian_or,,60,1024,,1,61440,8992.770,99.9197,100.0000,,
standard_1536_text_embeddings,gaussian_or,,64,64,,1,4096,3297.678,36.6409,49.2800,,
standard_1536_text_embeddings,gaussian_or,,64,128,,1,8192,5395.070,59.9452,74.3600,,
standard_1536_text_embeddings,gaussian_or,,64,256,,1,16384,7569.236,84.1026,93.2200,,
standard_1536_text_embeddings,gaussian_or,,64,512,,1,32768,8780.992,97.5666,99.4200,,
standard_1536_text_embeddings,gaussian_or,,64,1024,,1,65536,8995.486,99.9498,100.0000,,
standard_1536_text_embeddings,gaussian_or,,68,64,,1,4352,3457.904,38.4212,51.3800,,
standard_1536_text_embeddings,gaussian_or,,68,128,,1,8704,5595.066,62.1674,76.1800,,
standard_1536_text_embeddings,gaussian_or,,68,256,,1,17408,7723.846,85.8205,94.2600,,
standard_1536_text_embeddings,gaussian_or,,68,512,,1,34816,8826.454,98.0717,99.5400,,
standard_1536_text_embeddings,gaussian_or,,68,1024,,1,69632,8997.172,99.9686,100.0000,,
standard_1536_text_embeddings,gaussian_or,,72,64,,1,4608,3613.308,40.1479,53.2800,,
standard_1536_text_embeddings,gaussian_or,,72,128,,1,9216,5784.130,64.2681,77.8000,,
standard_1536_text_embeddings,gaussian_or,,72,256,,1,18432,7861.390,87.3488,95.1600,,
standard_1536_text_embeddings,gaussian_or,,72,512,,1,36864,8862.250,98.4694,99.7000,,
standard_1536_text_embeddings,gaussian_or,,72,1024,,1,73728,8998.228,99.9803,100.0000,,
standard_1536_text_embeddings,gaussian_or,,76,64,,1,4864,3764.796,41.8311,55.4400,,
standard_1536_text_embeddings,gaussian_or,,76,128,,1,9728,5962.386,66.2487,79.5600,,
standard_1536_text_embeddings,gaussian_or,,76,256,,1,19456,7984.180,88.7131,95.7000,,
standard_1536_text_embeddings,gaussian_or,,76,512,,1,38912,8890.378,98.7820,99.7400,,
standard_1536_text_embeddings,gaussian_or,,76,1024,,1,77824,8998.880,99.9876,100.0000,,
standard_1536_text_embeddings,gaussian_or,,80,64,,1,5120,3911.174,43.4575,57.1400,,
standard_1536_text_embeddings,gaussian_or,,80,128,,1,10240,6130.552,68.1172,81.0600,,
standard_1536_text_embeddings,gaussian_or,,80,256,,1,20480,8093.722,89.9302,96.4200,,
standard_1536_text_embeddings,gaussian_or,,80,512,,1,40960,8912.874,99.0319,99.8000,,
standard_1536_text_embeddings,gaussian_or,,80,1024,,1,81920,8999.270,99.9919,100.0000,,
standard_1536_text_embeddings,gaussian_or,,84,64,,1,5376,4054.356,45.0484,59.1200,,
standard_1536_text_embeddings,gaussian_or,,84,128,,1,10752,6289.436,69.8826,82.5200,,
standard_1536_text_embeddings,gaussian_or,,84,256,,1,21504,8191.060,91.0118,97.0400,,
standard_1536_text_embeddings,gaussian_or,,84,512,,1,43008,8930.920,99.2324,99.8200,,
standard_1536_text_embeddings,gaussian_or,,84,1024,,1,86016,8999.572,99.9952,100.0000,,
standard_1536_text_embeddings,gaussian_or,,88,64,,1,5632,4193.252,46.5917,60.6400,,
standard_1536_text_embeddings,gaussian_or,,88,128,,1,11264,6439.376,71.5486,83.9800,,
standard_1536_text_embeddings,gaussian_or,,88,256,,1,22528,8278.402,91.9822,97.7000,,
standard_1536_text_embeddings,gaussian_or,,88,512,,1,45056,8945.040,99.3893,99.8800,,
standard_1536_text_embeddings,gaussian_or,,88,1024,,1,90112,8999.748,99.9972,100.0000,,
standard_1536_text_embeddings,gaussian_or,,92,64,,1,5888,4328.408,48.0934,62.5200,,
standard_1536_text_embeddings,gaussian_or,,92,128,,1,11776,6581.292,73.1255,85.4800,,
standard_1536_text_embeddings,gaussian_or,,92,256,,1,23552,8356.064,92.8452,97.8600,,
standard_1536_text_embeddings,gaussian_or,,92,512,,1,47104,8956.344,99.5149,99.9200,,
standard_1536_text_embeddings,gaussian_or,,92,1024,,1,94208,8999.828,99.9981,100.0000,,
standard_1536_text_embeddings,gaussian_or,,96,64,,1,6144,4459.154,49.5462,63.7600,,
standard_1536_text_embeddings,gaussian_or,,96,128,,1,12288,6714.874,74.6097,86.7600,,
standard_1536_text_embeddings,gaussian_or,,96,256,,1,24576,8424.936,93.6104,98.2800,,
standard_1536_text_embeddings,gaussian_or,,96,512,,1,49152,8965.184,99.6132,99.9400,,
standard_1536_text_embeddings,gaussian_or,,96,1024,,1,98304,8999.888,99.9988,100.0000,,
standard_1536_text_embeddings,gaussian_or,,100,64,,1,6400,4586.232,50.9581,65.2800,,
standard_1536_text_embeddings,gaussian_or,,100,128,,1,12800,6840.630,76.0070,87.7600,,
standard_1536_text_embeddings,gaussian_or,,100,256,,1,25600,8486.030,94.2892,98.5000,,
standard_1536_text_embeddings,gaussian_or,,100,512,,1,51200,8972.334,99.6926,99.9400,,
standard_1536_text_embeddings,gaussian_or,,100,1024,,1,102400,8999.926,99.9992,100.0000,,
standard_1536_text_embeddings,gaussian_or,,104,64,,1,6656,4709.960,52.3329,66.7600,,
standard_1536_text_embeddings,gaussian_or,,104,128,,1,13312,6960.092,77.3344,88.7600,,
standard_1536_text_embeddings,gaussian_or,,104,256,,1,26624,8541.366,94.9041,98.7200,,
standard_1536_text_embeddings,gaussian_or,,104,512,,1,53248,8977.900,99.7544,99.9600,,
standard_1536_text_embeddings,gaussian_or,,104,1024,,1,106496,8999.946,99.9994,100.0000,,
standard_1536_text_embeddings,gaussian_or,,108,64,,1,6912,4829.646,53.6627,67.8200,,
standard_1536_text_embeddings,gaussian_or,,108,128,,1,13824,7071.890,78.5766,89.5800,,
standard_1536_text_embeddings,gaussian_or,,108,256,,1,27648,8590.972,95.4552,98.9600,,
standard_1536_text_embeddings,gaussian_or,,108,512,,1,55296,8982.512,99.8057,99.9600,,
standard_1536_text_embeddings,gaussian_or,,108,1024,,1,110592,8999.964,99.9996,100.0000,,
standard_1536_text_embeddings,gaussian_or,,112,64,,1,7168,4946.802,54.9645,69.2000,,
standard_1536_text_embeddings,gaussian_or,,112,128,,1,14336,7178.526,79.7614,90.5400,,
standard_1536_text_embeddings,gaussian_or,,112,256,,1,28672,8635.360,95.9484,99.0600,,
standard_1536_text_embeddings,gaussian_or,,112,512,,1,57344,8986.096,99.8455,99.9800,,
standard_1536_text_embeddings,gaussian_or,,112,1024,,1,114688,8999.976,99.9997,100.0000,,
standard_1536_text_embeddings,gaussian_or,,116,64,,1,7424,5059.772,56.2197,70.3800,,
standard_1536_text_embeddings,gaussian_or,,116,128,,1,14848,7278.832,80.8759,91.1000,,
standard_1536_text_embeddings,gaussian_or,,116,256,,1,29696,8674.352,96.3817,99.2200,,
standard_1536_text_embeddings,gaussian_or,,116,512,,1,59392,8988.992,99.8777,99.9800,,
standard_1536_text_embeddings,gaussian_or,,116,1024,,1,118784,8999.984,99.9998,100.0000,,
standard_1536_text_embeddings,gaussian_or,,120,64,,1,7680,5170.206,57.4467,71.8400,,
standard_1536_text_embeddings,gaussian_or,,120,128,,1,15360,7373.580,81.9287,92.0600,,
standard_1536_text_embeddings,gaussian_or,,120,256,,1,30720,8709.624,96.7736,99.3400,,
standard_1536_text_embeddings,gaussian_or,,120,512,,1,61440,8991.206,99.9023,99.9800,,
standard_1536_text_embeddings,gaussian_or,,120,1024,,1,122880,8999.986,99.9998,100.0000,,
standard_1536_text_embeddings,gaussian_or,,124,64,,1,7936,5277.710,58.6412,73.0600,,
standard_1536_text_embeddings,gaussian_or,,124,128,,1,15872,7463.826,82.9314,92.7200,,
standard_1536_text_embeddings,gaussian_or,,124,256,,1,31744,8740.690,97.1188,99.4600,,
standard_1536_text_embeddings,gaussian_or,,124,512,,1,63488,8992.958,99.9218,99.9800,,
standard_1536_text_embeddings,gaussian_or,,124,1024,,1,126976,8999.994,99.9999,100.0000,,
standard_1536_text_embeddings,gaussian_or,,128,64,,1,8192,5382.762,59.8085,74.1600,,
standard_1536_text_embeddings,gaussian_or,,128,128,,1,16384,7548.806,83.8756,93.4000,,
standard_1536_text_embeddings,gaussian_or,,128,256,,1,32768,8768.360,97.4262,99.5400,,
standard_1536_text_embeddings,gaussian_or,,128,512,,1,65536,8994.424,99.9380,100.0000,,
standard_1536_text_embeddings,gaussian_or,,128,1024,,1,131072,8999.996,100.0000,100.0000,,
standard_1536_text_embeddings,gaussian_or,,132,64,,1,8448,5484.296,60.9366,75.3400,,
standard_1536_text_embeddings,gaussian_or,,132,128,,1,16896,7628.770,84.7641,94.0800,,
standard_1536_text_embeddings,gaussian_or,,132,256,,1,33792,8792.906,97.6990,99.6200,,
standard_1536_text_embeddings,gaussian_or,,132,512,,1,67584,8995.528,99.9503,100.0000,,
standard_1536_text_embeddings,gaussian_or,,132,1024,,1,135168,8999.996,100.0000,100.0000,,
standard_1536_text_embeddings,gaussian_or,,136,64,,1,8704,5583.326,62.0370,76.1400,,
standard_1536_text_embeddings,gaussian_or,,136,128,,1,17408,7704.386,85.6043,94.5000,,
standard_1536_text_embeddings,gaussian_or,,136,256,,1,34816,8815.132,97.9459,99.7000,,
standard_1536_text_embeddings,gaussian_or,,136,512,,1,69632,8996.526,99.9614,100.0000,,
standard_1536_text_embeddings,gaussian_or,,136,1024,,1,139264,8999.996,100.0000,100.0000,,
standard_1536_text_embeddings,gaussian_or,,140,64,,1,8960,5679.022,63.1002,77.2800,,
standard_1536_text_embeddings,gaussian_or,,140,128,,1,17920,7775.870,86.3986,95.0600,,
standard_1536_text_embeddings,gaussian_or,,140,256,,1,35840,8834.770,98.1641,99.7400,,
standard_1536_text_embeddings,gaussian_or,,140,512,,1,71680,8997.200,99.9689,100.0000,,
standard_1536_text_embeddings,gaussian_or,,140,1024,,1,143360,8999.996,100.0000,100.0000,,
standard_1536_text_embeddings,gaussian_or,,144,64,,1,9216,5772.064,64.1340,78.3600,,
standard_1536_text_embeddings,gaussian_or,,144,128,,1,18432,7843.660,87.1518,95.5800,,
standard_1536_text_embeddings,gaussian_or,,144,256,,1,36864,8852.738,98.3638,99.8000,,
standard_1536_text_embeddings,gaussian_or,,144,512,,1,73728,8997.762,99.9751,100.0000,,
standard_1536_text_embeddings,gaussian_or,,144,1024,,1,147456,8999.998,100.0000,100.0000,,
standard_1536_text_embeddings,gaussian_or,,148,64,,1,9472,5862.880,65.1431,79.4400,,
standard_1536_text_embeddings,gaussian_or,,148,128,,1,18944,7907.710,87.8634,95.9200,,
standard_1536_text_embeddings,gaussian_or,,148,256,,1,37888,8868.318,98.5369,99.8000,,
standard_1536_text_embeddings,gaussian_or,,148,512,,1,75776,8998.202,99.9800,100.0000,,
standard_1536_text_embeddings,gaussian_or,,148,1024,,1,151552,8999.998,100.0000,100.0000,,
standard_1536_text_embeddings,gaussian_or,,152,64,,1,9728,5951.204,66.1245,80.4400,,
standard_1536_text_embeddings,gaussian_or,,152,128,,1,19456,7968.026,88.5336,96.3200,,
standard_1536_text_embeddings,gaussian_or,,152,256,,1,38912,8882.436,98.6937,99.8400,,
standard_1536_text_embeddings,gaussian_or,,152,512,,1,77824,8998.560,99.9840,100.0000,,
standard_1536_text_embeddings,gaussian_or,,152,1024,,1,155648,9000.000,100.0000,100.0000,,
standard_1536_text_embeddings,gaussian_or,,156,64,,1,9984,6036.460,67.0718,81.2800,,
standard_1536_text_embeddings,gaussian_or,,156,128,,1,19968,8024.642,89.1627,96.5600,,
standard_1536_text_embeddings,gaussian_or,,156,256,,1,39936,8894.900,98.8322,99.8600,,
standard_1536_text_embeddings,gaussian_or,,156,512,,1,79872,8998.846,99.9872,100.0000,,
standard_1536_text_embeddings,gaussian_or,,156,1024,,1,159744,9000.000,100.0000,100.0000,,
standard_1536_text_embeddings,gaussian_or,,160,64,,1,10240,6119.238,67.9915,82.0200,,
standard_1536_text_embeddings,gaussian_or,,160,128,,1,20480,8078.374,89.7597,96.8600,,
standard_1536_text_embeddings,gaussian_or,,160,256,,1,40960,8906.134,98.9570,99.8600,,
standard_1536_text_embeddings,gaussian_or,,160,512,,1,81920,8999.082,99.9898,100.0000,,
standard_1536_text_embeddings,gaussian_or,,160,1024,,1,163840,9000.000,100.0000,100.0000,,
standard_1536_text_embeddings,gaussian_or,,164,64,,1,10496,6199.338,68.8815,82.9000,,
standard_1536_text_embeddings,gaussian_or,,164,128,,1,20992,8128.568,90.3174,97.1000,,
standard_1536_text_embeddings,gaussian_or,,164,256,,1,41984,8915.906,99.0656,99.8800,,
standard_1536_text_embeddings,gaussian_or,,164,512,,1,83968,8999.276,99.9920,100.0000,,
standard_1536_text_embeddings,gaussian_or,,164,1024,,1,167936,9000.000,100.0000,100.0000,,
standard_1536_text_embeddings,gaussian_or,,168,64,,1,10752,6277.402,69.7489,83.7200,,
standard_1536_text_embeddings,gaussian_or,,168,128,,1,21504,8176.284,90.8476,97.4200,,
standard_1536_text_embeddings,gaussian_or,,168,256,,1,43008,8924.904,99.1656,99.9200,,
standard_1536_text_embeddings,gaussian_or,,168,512,,1,86016,8999.410,99.9934,100.0000,,
standard_1536_text_embeddings,gaussian_or,,168,1024,,1,172032,9000.000,100.0000,100.0000,,
standard_1536_text_embeddings,gaussian_or,,172,64,,1,11008,6354.026,70.6003,84.3200,,
standard_1536_text_embeddings,gaussian_or,,172,128,,1,22016,8222.062,91.3562,97.6800,,
standard_1536_text_embeddings,gaussian_or,,172,256,,1,44032,8932.924,99.2547,99.9600,,
standard_1536_text_embeddings,gaussian_or,,172,512,,1,88064,8999.492,99.9944,100.0000,,
standard_1536_text_embeddings,gaussian_or,,172,1024,,1,176128,9000.000,100.0000,100.0000,,
standard_1536_text_embeddings,gaussian_or,,176,64,,1,11264,6427.844,71.4205,84.9000,,
standard_1536_text_embeddings,gaussian_or,,176,128,,1,22528,8264.366,91.8263,97.7800,,
standard_1536_text_embeddings,gaussian_or,,176,256,,1,45056,8939.832,99.3315,99.9800,,
standard_1536_text_embeddings,gaussian_or,,176,512,,1,90112,8999.588,99.9954,100.0000,,
standard_1536_text_embeddings,gaussian_or,,176,1024,,1,180224,9000.000,100.0000,100.0000,,
standard_1536_text_embeddings,gaussian_or,,180,64,,1,11520,6499.878,72.2209,85.5000,,
standard_1536_text_embeddings,gaussian_or,,180,128,,1,23040,8304.878,92.2764,98.0200,,
standard_1536_text_embeddings,gaussian_or,,180,256,,1,46080,8946.194,99.4022,99.9800,,
standard_1536_text_embeddings,gaussian_or,,180,512,,1,92160,8999.670,99.9963,100.0000,,
standard_1536_text_embeddings,gaussian_or,,180,1024,,1,184320,9000.000,100.0000,100.0000,,
standard_1536_text_embeddings,gaussian_or,,184,64,,1,11776,6569.762,72.9974,86.2800,,
standard_1536_text_embeddings,gaussian_or,,184,128,,1,23552,8343.230,92.7026,98.1400,,
standard_1536_text_embeddings,gaussian_or,,184,256,,1,47104,8952.020,99.4669,99.9800,,
standard_1536_text_embeddings,gaussian_or,,184,512,,1,94208,8999.734,99.9970,100.0000,,
standard_1536_text_embeddings,gaussian_or,,184,1024,,1,188416,9000.000,100.0000,100.0000,,
standard_1536_text_embeddings,gaussian_or,,188,64,,1,12032,6637.946,73.7550,86.8800,,
standard_1536_text_embeddings,gaussian_or,,188,128,,1,24064,8379.188,93.1021,98.2000,,
standard_1536_text_embeddings,gaussian_or,,188,256,,1,48128,8957.054,99.5228,100.0000,,
standard_1536_text_embeddings,gaussian_or,,188,512,,1,96256,8999.798,99.9978,100.0000,,
standard_1536_text_embeddings,gaussian_or,,188,1024,,1,192512,9000.000,100.0000,100.0000,,
standard_1536_text_embeddings,gaussian_or,,192,64,,1,12288,6703.806,74.4867,87.5600,,
standard_1536_text_embeddings,gaussian_or,,192,128,,1,24576,8413.014,93.4779,98.4200,,
standard_1536_text_embeddings,gaussian_or,,192,256,,1,49152,8961.694,99.5744,100.0000,,
standard_1536_text_embeddings,gaussian_or,,192,512,,1,98304,8999.830,99.9981,100.0000,,
standard_1536_text_embeddings,gaussian_or,,192,1024,,1,196608,9000.000,100.0000,100.0000,,
standard_1536_text_embeddings,gaussian_or,,196,64,,1,12544,6767.896,75.1988,88.0200,,
standard_1536_text_embeddings,gaussian_or,,196,128,,1,25088,8445.440,93.8382,98.5400,,
standard_1536_text_embeddings,gaussian_or,,196,256,,1,50176,8965.778,99.6198,100.0000,,
standard_1536_text_embeddings,gaussian_or,,196,512,,1,100352,8999.856,99.9984,100.0000,,
standard_1536_text_embeddings,gaussian_or,,196,1024,,1,200704,9000.000,100.0000,100.0000,,
standard_1536_text_embeddings,gaussian_or,,200,64,,1,12800,6830.356,75.8928,88.5400,,
standard_1536_text_embeddings,gaussian_or,,200,128,,1,25600,8476.034,94.1782,98.6400,,
standard_1536_text_embeddings,gaussian_or,,200,256,,1,51200,8969.446,99.6605,100.0000,,
standard_1536_text_embeddings,gaussian_or,,200,512,,1,102400,8999.892,99.9988,100.0000,,
standard_1536_text_embeddings,gaussian_or,,200,1024,,1,204800,9000.000,100.0000,100.0000,,
standard_1536_text_embeddings,gaussian_or,,204,64,,1,13056,6890.980,76.5664,89.1000,,
standard_1536_text_embeddings,gaussian_or,,204,128,,1,26112,8505.270,94.5030,98.7200,,
standard_1536_text_embeddings,gaussian_or,,204,256,,1,52224,8972.872,99.6986,100.0000,,
standard_1536_text_embeddings,gaussian_or,,204,512,,1,104448,8999.906,99.9990,100.0000,,
standard_1536_text_embeddings,gaussian_or,,204,1024,,1,208896,9000.000,100.0000,100.0000,,
standard_1536_text_embeddings,gaussian_or,,208,64,,1,13312,6950.120,77.2236,89.5200,,
standard_1536_text_embeddings,gaussian_or,,208,128,,1,26624,8532.700,94.8078,98.8200,,
standard_1536_text_embeddings,gaussian_or,,208,256,,1,53248,8975.694,99.7299,100.0000,,
standard_1536_text_embeddings,gaussian_or,,208,512,,1,106496,8999.930,99.9992,100.0000,,
standard_1536_text_embeddings,gaussian_or,,208,1024,,1,212992,9000.000,100.0000,100.0000,,
standard_1536_text_embeddings,gaussian_or,,212,64,,1,13568,7007.564,77.8618,90.0000,,
standard_1536_text_embeddings,gaussian_or,,212,128,,1,27136,8558.078,95.0898,98.8800,,
standard_1536_text_embeddings,gaussian_or,,212,256,,1,54272,8978.340,99.7593,100.0000,,
standard_1536_text_embeddings,gaussian_or,,212,512,,1,108544,8999.940,99.9993,100.0000,,
standard_1536_text_embeddings,gaussian_or,,212,1024,,1,217088,9000.000,100.0000,100.0000,,
standard_1536_text_embeddings,gaussian_or,,216,64,,1,13824,7063.206,78.4801,90.3800,,
standard_1536_text_embeddings,gaussian_or,,216,128,,1,27648,8582.284,95.3587,98.9600,,
standard_1536_text_embeddings,gaussian_or,,216,256,,1,55296,8980.678,99.7853,100.0000,,
standard_1536_text_embeddings,gaussian_or,,216,512,,1,110592,8999.958,99.9995,100.0000,,
standard_1536_text_embeddings,gaussian_or,,216,1024,,1,221184,9000.000,100.0000,100.0000,,
standard_1536_text_embeddings,gaussian_or,,220,64,,1,14080,7116.922,79.0769,90.7400,,
standard_1536_text_embeddings,gaussian_or,,220,128,,1,28160,8605.184,95.6132,99.0600,,
standard_1536_text_embeddings,gaussian_or,,220,256,,1,56320,8982.778,99.8086,100.0000,,
standard_1536_text_embeddings,gaussian_or,,220,512,,1,112640,8999.964,99.9996,100.0000,,
standard_1536_text_embeddings,gaussian_or,,220,1024,,1,225280,9000.000,100.0000,100.0000,,
standard_1536_text_embeddings,gaussian_or,,224,64,,1,14336,7169.682,79.6631,91.0200,,
standard_1536_text_embeddings,gaussian_or,,224,128,,1,28672,8627.036,95.8560,99.1000,,
standard_1536_text_embeddings,gaussian_or,,224,256,,1,57344,8984.560,99.8284,100.0000,,
standard_1536_text_embeddings,gaussian_or,,224,512,,1,114688,8999.974,99.9997,100.0000,,
standard_1536_text_embeddings,gaussian_or,,224,1024,,1,229376,9000.000,100.0000,100.0000,,
standard_1536_text_embeddings,gaussian_or,,228,64,,1,14592,7220.832,80.2315,91.1600,,
standard_1536_text_embeddings,gaussian_or,,228,128,,1,29184,8647.504,96.0834,99.1200,,
standard_1536_text_embeddings,gaussian_or,,228,256,,1,58368,8986.088,99.8454,100.0000,,
standard_1536_text_embeddings,gaussian_or,,228,512,,1,116736,8999.984,99.9998,100.0000,,
standard_1536_text_embeddings,gaussian_or,,228,1024,,1,233472,9000.000,100.0000,100.0000,,
standard_1536_text_embeddings,gaussian_or,,232,64,,1,14848,7270.786,80.7865,91.4600,,
standard_1536_text_embeddings,gaussian_or,,232,128,,1,29696,8667.058,96.3006,99.2000,,
standard_1536_text_embeddings,gaussian_or,,232,256,,1,59392,8987.536,99.8615,100.0000,,
standard_1536_text_embeddings,gaussian_or,,232,512,,1,118784,8999.994,99.9999,100.0000,,
standard_1536_text_embeddings,gaussian_or,,232,1024,,1,237568,9000.000,100.0000,100.0000,,
standard_1536_text_embeddings,gaussian_or,,236,64,,1,15104,7318.878,81.3209,91.8800,,
standard_1536_text_embeddings,gaussian_or,,236,128,,1,30208,8685.262,96.5029,99.2800,,
standard_1536_text_embeddings,gaussian_or,,236,256,,1,60416,8988.806,99.8756,100.0000,,
standard_1536_text_embeddings,gaussian_or,,236,512,,1,120832,9000.000,100.0000,100.0000,,
standard_1536_text_embeddings,gaussian_or,,236,1024,,1,241664,9000.000,100.0000,100.0000,,
standard_1536_text_embeddings,gaussian_or,,240,64,,1,15360,7365.440,81.8382,92.2400,,
standard_1536_text_embeddings,gaussian_or,,240,128,,1,30720,8702.316,96.6924,99.3600,,
standard_1536_text_embeddings,gaussian_or,,240,256,,1,61440,8989.970,99.8886,100.0000,,
standard_1536_text_embeddings,gaussian_or,,240,512,,1,122880,9000.000,100.0000,100.0000,,
standard_1536_text_embeddings,gaussian_or,,240,1024,,1,245760,9000.000,100.0000,100.0000,,
standard_1536_text_embeddings,gaussian_or,,244,64,,1,15616,7411.060,82.3451,92.5000,,
standard_1536_text_embeddings,gaussian_or,,244,128,,1,31232,8718.372,96.8708,99.4000,,
standard_1536_text_embeddings,gaussian_or,,244,256,,1,62464,8991.028,99.9003,100.0000,,
standard_1536_text_embeddings,gaussian_or,,244,512,,1,124928,9000.000,100.0000,100.0000,,
standard_1536_text_embeddings,gaussian_or,,244,1024,,1,249856,9000.000,100.0000,100.0000,,
standard_1536_text_embeddings,gaussian_or,,248,64,,1,15872,7455.754,82.8417,92.9000,,
standard_1536_text_embeddings,gaussian_or,,248,128,,1,31744,8733.834,97.0426,99.4200,,
standard_1536_text_embeddings,gaussian_or,,248,256,,1,63488,8991.936,99.9104,100.0000,,
standard_1536_text_embeddings,gaussian_or,,248,512,,1,126976,9000.000,100.0000,100.0000,,
standard_1536_text_embeddings,gaussian_or,,248,1024,,1,253952,9000.000,100.0000,100.0000,,
standard_1536_text_embeddings,gaussian_or,,252,64,,1,16128,7498.644,83.3183,93.2000,,
standard_1536_text_embeddings,gaussian_or,,252,128,,1,32256,8748.446,97.2050,99.5400,,
standard_1536_text_embeddings,gaussian_or,,252,256,,1,64512,8992.772,99.9197,100.0000,,
standard_1536_text_embeddings,gaussian_or,,252,512,,1,129024,9000.000,100.0000,100.0000,,
standard_1536_text_embeddings,gaussian_or,,252,1024,,1,258048,9000.000,100.0000,100.0000,,
standard_1536_text_embeddings,gaussian_or,,256,64,,1,16384,7540.040,83.7782,93.3800,,
standard_1536_text_embeddings,gaussian_or,,256,128,,1,32768,8762.080,97.3564,99.6000,,
standard_1536_text_embeddings,gaussian_or,,256,256,,1,65536,8993.546,99.9283,100.0000,,
standard_1536_text_embeddings,gaussian_or,,256,512,,1,131072,9000.000,100.0000,100.0000,,
standard_1536_text_embeddings,gaussian_or,,256,1024,,1,262144,9000.000,100.0000,100.0000,,
standard_1536_text_embeddings,gaussian_collision,,64,512,,2,32768,7951.394,88.3488,96.8000,,
standard_1536_text_embeddings,gaussian_collision,,64,512,,3,32768,6394.110,71.0457,89.1600,,
standard_1536_text_embeddings,gaussian_collision,,64,512,,4,32768,4467.738,49.6415,77.3000,,
standard_1536_text_embeddings,gaussian_collision,,64,512,,5,32768,2699.198,29.9911,60.5800,,
standard_1536_text_embeddings,gaussian_collision,,64,512,,6,32768,1415.712,15.7301,42.1800,,
standard_1536_text_embeddings,gaussian_collision,,64,512,,7,32768,651.436,7.2382,26.5600,,
standard_1536_text_embeddings,gaussian_collision,,64,512,,8,32768,265.810,2.9534,15.2200,,
standard_1536_text_embeddings,gaussian_collision,,64,512,,9,32768,96.792,1.0755,8.2800,,
standard_1536_text_embeddings,gaussian_collision,,64,512,,10,32768,31.740,0.3527,4.1000,,
standard_1536_text_embeddings,gaussian_collision,,64,512,,11,32768,9.600,0.1067,1.7400,,
standard_1536_text_embeddings,gaussian_collision,,64,512,,12,32768,2.640,0.0293,0.7400,,
standard_1536_text_embeddings,gaussian_collision,,64,512,,13,32768,0.652,0.0072,0.3000,,
standard_1536_text_embeddings,gaussian_collision,,64,512,,14,32768,0.144,0.0016,0.1000,,
standard_1536_text_embeddings,gaussian_collision,,64,512,,15,32768,0.038,0.0004,0.0800,,
standard_1536_text_embeddings,gaussian_collision,,64,512,,16,32768,0.002,0.0000,0.0200,,
standard_1536_text_embeddings,gaussian_collision,,64,512,,17,32768,0.002,0.0000,0.0200,,
standard_1536_text_embeddings,gaussian_collision,,64,512,,18,32768,0.000,0.0000,0.0000,,
standard_1536_text_embeddings,gaussian_collision,,64,512,,19,32768,0.000,0.0000,0.0000,,
standard_1536_text_embeddings,gaussian_collision,,64,512,,20,32768,0.000,0.0000,0.0000,,
standard_1536_text_embeddings,gaussian_collision,,64,512,,21,32768,0.000,0.0000,0.0000,,
standard_1536_text_embeddings,gaussian_collision,,64,512,,22,32768,0.000,0.0000,0.0000,,
standard_1536_text_embeddings,gaussian_collision,,64,512,,23,32768,0.000,0.0000,0.0000,,
standard_1536_text_embeddings,gaussian_collision,,64,512,,24,32768,0.000,0.0000,0.0000,,
standard_1536_text_embeddings,gaussian_collision,,64,512,,25,32768,0.000,0.0000,0.0000,,
standard_1536_text_embeddings,gaussian_collision,,64,512,,26,32768,0.000,0.0000,0.0000,,
standard_1536_text_embeddings,gaussian_collision,,64,512,,27,32768,0.000,0.0000,0.0000,,
standard_1536_text_embeddings,gaussian_collision,,64,512,,28,32768,0.000,0.0000,0.0000,,
standard_1536_text_embeddings,gaussian_collision,,64,512,,29,32768,0.000,0.0000,0.0000,,
standard_1536_text_embeddings,gaussian_collision,,64,512,,30,32768,0.000,0.0000,0.0000,,
standard_1536_text_embeddings,gaussian_collision,,64,512,,31,32768,0.000,0.0000,0.0000,,
standard_1536_text_embeddings,gaussian_collision,,64,512,,32,32768,0.000,0.0000,0.0000,,
standard_1536_text_embeddings,gaussian_collision,,64,1024,,2,65536,8959.936,99.5548,100.0000,,
standard_1536_text_embeddings,gaussian_collision,,64,1024,,3,65536,8821.444,98.0160,99.8800,,
standard_1536_text_embeddings,gaussian_collision,,64,1024,,4,65536,8461.046,94.0116,99.4600,,
standard_1536_text_embeddings,gaussian_collision,,64,1024,,5,65536,7768.088,86.3121,97.9600,,
standard_1536_text_embeddings,gaussian_collision,,64,1024,,6,65536,6713.708,74.5968,95.0000,,
standard_1536_text_embeddings,gaussian_collision,,64,1024,,7,65536,5393.630,59.9292,89.7600,,
standard_1536_text_embeddings,gaussian_collision,,64,1024,,8,65536,4003.306,44.4812,81.4200,,
standard_1536_text_embeddings,gaussian_collision,,64,1024,,9,65536,2731.674,30.3519,69.9200,,
standard_1536_text_embeddings,gaussian_collision,,64,1024,,10,65536,1712.548,19.0283,57.3800,,
standard_1536_text_embeddings,gaussian_collision,,64,1024,,11,65536,988.458,10.9829,42.6400,,
standard_1536_text_embeddings,gaussian_collision,,64,1024,,12,65536,527.288,5.8588,31.7000,,
standard_1536_text_embeddings,gaussian_collision,,64,1024,,13,65536,259.150,2.8794,21.3400,,
standard_1536_text_embeddings,gaussian_collision,,64,1024,,14,65536,118.526,1.3170,13.4800,,
standard_1536_text_embeddings,gaussian_collision,,64,1024,,15,65536,50.582,0.5620,8.2600,,
standard_1536_text_embeddings,gaussian_collision,,64,1024,,16,65536,19.928,0.2214,4.7400,,
standard_1536_text_embeddings,gaussian_collision,,64,1024,,17,65536,7.344,0.0816,2.4800,,
standard_1536_text_embeddings,gaussian_collision,,64,1024,,18,65536,2.566,0.0285,1.2800,,
standard_1536_text_embeddings,gaussian_collision,,64,1024,,19,65536,0.894,0.0099,0.6200,,
standard_1536_text_embeddings,gaussian_collision,,64,1024,,20,65536,0.282,0.0031,0.3200,,
standard_1536_text_embeddings,gaussian_collision,,64,1024,,21,65536,0.070,0.0008,0.1400,,
standard_1536_text_embeddings,gaussian_collision,,64,1024,,22,65536,0.026,0.0003,0.0800,,
standard_1536_text_embeddings,gaussian_collision,,64,1024,,23,65536,0.010,0.0001,0.0600,,
standard_1536_text_embeddings,gaussian_collision,,64,1024,,24,65536,0.006,0.0001,0.0400,,
standard_1536_text_embeddings,gaussian_collision,,64,1024,,25,65536,0.002,0.0000,0.0200,,
standard_1536_text_embeddings,gaussian_collision,,64,1024,,26,65536,0.002,0.0000,0.0200,,
standard_1536_text_embeddings,gaussian_collision,,64,1024,,27,65536,0.000,0.0000,0.0000,,
standard_1536_text_embeddings,gaussian_collision,,64,1024,,28,65536,0.000,0.0000,0.0000,,
standard_1536_text_embeddings,gaussian_collision,,64,1024,,29,65536,0.000,0.0000,0.0000,,
standard_1536_text_embeddings,gaussian_collision,,64,1024,,30,65536,0.000,0.0000,0.0000,,
standard_1536_text_embeddings,gaussian_collision,,64,1024,,31,65536,0.000,0.0000,0.0000,,
standard_1536_text_embeddings,gaussian_collision,,64,1024,,32,65536,0.000,0.0000,0.0000,,
standard_1536_text_embeddings,gaussian_collision,,128,512,,2,65536,8952.084,99.4676,99.9600,,
standard_1536_text_embeddings,gaussian_collision,,128,512,,3,65536,8795.566,97.7285,99.7600,,
standard_1536_text_embeddings,gaussian_collision,,128,512,,4,65536,8408.712,93.4301,99.1200,,
standard_1536_text_embeddings,gaussian_collision,,128,512,,5,65536,7690.200,85.4467,97.5000,,
standard_1536_text_embeddings,gaussian_collision,,128,512,,6,65536,6632.438,73.6938,94.1400,,
standard_1536_text_embeddings,gaussian_collision,,128,512,,7,65536,5340.514,59.3390,89.0200,,
standard_1536_text_embeddings,gaussian_collision,,128,512,,8,65536,3990.594,44.3399,81.7600,,
standard_1536_text_embeddings,gaussian_collision,,128,512,,9,65536,2761.218,30.6802,72.1400,,
standard_1536_text_embeddings,gaussian_collision,,128,512,,10,65536,1771.156,19.6795,60.0600,,
standard_1536_text_embeddings,gaussian_collision,,128,512,,11,65536,1053.456,11.7051,48.5200,,
standard_1536_text_embeddings,gaussian_collision,,128,512,,12,65536,582.924,6.4769,36.0800,,
standard_1536_text_embeddings,gaussian_collision,,128,512,,13,65536,301.252,3.3472,25.5600,,
standard_1536_text_embeddings,gaussian_collision,,128,512,,14,65536,145.742,1.6194,16.9200,,
standard_1536_text_embeddings,gaussian_collision,,128,512,,15,65536,66.678,0.7409,10.8600,,
standard_1536_text_embeddings,gaussian_collision,,128,512,,16,65536,29.242,0.3249,6.6400,,
standard_1536_text_embeddings,gaussian_collision,,128,512,,17,65536,12.100,0.1344,3.8000,,
standard_1536_text_embeddings,gaussian_collision,,128,512,,18,65536,4.806,0.0534,2.3600,,
standard_1536_text_embeddings,gaussian_collision,,128,512,,19,65536,1.816,0.0202,1.3800,,
standard_1536_text_embeddings,gaussian_collision,,128,512,,20,65536,0.662,0.0074,0.8200,,
standard_1536_text_embeddings,gaussian_collision,,128,512,,21,65536,0.240,0.0027,0.5200,,
standard_1536_text_embeddings,gaussian_collision,,128,512,,22,65536,0.100,0.0011,0.4200,,
standard_1536_text_embeddings,gaussian_collision,,128,512,,23,65536,0.042,0.0005,0.2400,,
standard_1536_text_embeddings,gaussian_collision,,128,512,,24,65536,0.014,0.0002,0.1000,,
standard_1536_text_embeddings,gaussian_collision,,128,512,,25,65536,0.012,0.0001,0.1000,,
standard_1536_text_embeddings,gaussian_collision,,128,512,,26,65536,0.006,0.0001,0.0600,,
standard_1536_text_embeddings,gaussian_collision,,128,512,,27,65536,0.002,0.0000,0.0200,,
standard_1536_text_embeddings,gaussian_collision,,128,512,,28,65536,0.000,0.0000,0.0000,,
standard_1536_text_embeddings,gaussian_collision,,128,512,,29,65536,0.000,0.0000,0.0000,,
standard_1536_text_embeddings,gaussian_collision,,128,512,,30,65536,0.000,0.0000,0.0000,,
standard_1536_text_embeddings,gaussian_collision,,128,512,,31,65536,0.000,0.0000,0.0000,,
standard_1536_text_embeddings,gaussian_collision,,128,512,,32,65536,0.000,0.0000,0.0000,,
standard_1536_text_embeddings,gaussian_collision,,128,1024,,2,131072,8999.950,99.9994,100.0000,,
standard_1536_text_embeddings,gaussian_collision,,128,1024,,3,131072,8999.632,99.9959,100.0000,,
standard_1536_text_embeddings,gaussian_collision,,128,1024,,4,131072,8997.964,99.9774,100.0000,,
standard_1536_text_embeddings,gaussian_collision,,128,1024,,5,131072,8991.644,99.9072,100.0000,,
standard_1536_text_embeddings,gaussian_collision,,128,1024,,6,131072,8972.464,99.6940,100.0000,,
standard_1536_text_embeddings,gaussian_collision,,128,1024,,7,131072,8923.650,99.1517,99.9800,,
standard_1536_text_embeddings,gaussian_collision,,128,1024,,8,131072,8817.868,97.9763,99.9400,,
standard_1536_text_embeddings,gaussian_collision,,128,1024,,9,131072,8619.096,95.7677,99.8800,,
standard_1536_text_embeddings,gaussian_collision,,128,1024,,10,131072,8287.810,92.0868,99.6800,,
standard_1536_text_embeddings,gaussian_collision,,128,1024,,11,131072,7794.898,86.6100,99.1600,,
standard_1536_text_embeddings,gaussian_collision,,128,1024,,12,131072,7128.752,79.2084,98.4200,,
standard_1536_text_embeddings,gaussian_collision,,128,1024,,13,131072,6310.340,70.1149,97.2200,,
standard_1536_text_embeddings,gaussian_collision,,128,1024,,14,131072,5381.574,59.7953,94.9800,,
standard_1536_text_embeddings,gaussian_collision,,128,1024,,15,131072,4413.318,49.0369,91.4600,,
standard_1536_text_embeddings,gaussian_collision,,128,1024,,16,131072,3467.530,38.5281,86.4200,,
standard_1536_text_embeddings,gaussian_collision,,128,1024,,17,131072,2611.430,29.0159,80.6600,,
standard_1536_text_embeddings,gaussian_collision,,128,1024,,18,131072,1883.048,20.9228,73.3800,,
standard_1536_text_embeddings,gaussian_collision,,128,1024,,19,131072,1299.280,14.4364,65.1200,,
standard_1536_text_embeddings,gaussian_collision,,128,1024,,20,131072,860.870,9.5652,56.5400,,
standard_1536_text_embeddings,gaussian_collision,,128,1024,,21,131072,547.548,6.0839,47.5400,,
standard_1536_text_embeddings,gaussian_collision,,128,1024,,22,131072,333.354,3.7039,38.2000,,
standard_1536_text_embeddings,gaussian_collision,,128,1024,,23,131072,195.840,2.1760,29.6000,,
standard_1536_text_embeddings,gaussian_collision,,128,1024,,24,131072,110.746,1.2305,23.0400,,
standard_1536_text_embeddings,gaussian_collision,,128,1024,,25,131072,60.290,0.6699,17.1800,,
standard_1536_text_embeddings,gaussian_collision,,128,1024,,26,131072,31.790,0.3532,12.6000,,
standard_1536_text_embeddings,gaussian_collision,,128,1024,,27,131072,16.174,0.1797,8.5400,,
standard_1536_text_embeddings,gaussian_collision,,128,1024,,28,131072,7.974,0.0886,5.6800,,
standard_1536_text_embeddings,gaussian_collision,,128,1024,,29,131072,3.798,0.0422,3.8200,,
standard_1536_text_embeddings,gaussian_collision,,128,1024,,30,131072,1.758,0.0195,2.3800,,
standard_1536_text_embeddings,gaussian_collision,,128,1024,,31,131072,0.780,0.0087,1.5600,,
standard_1536_text_embeddings,gaussian_collision,,128,1024,,32,131072,0.376,0.0042,1.1200,,
matryoshka_3072_text_embeddings,normalized_prefix_exact,8,,,10,,,10,0.1111,1.3000,0.3715,0.2604
matryoshka_3072_text_embeddings,normalized_prefix_exact,8,,,16,,,16,0.1778,2.0800,0.4382,0.2604
matryoshka_3072_text_embeddings,normalized_prefix_exact,8,,,32,,,32,0.3556,3.9200,0.6160,0.2604
matryoshka_3072_text_embeddings,normalized_prefix_exact,8,,,64,,,64,0.7111,6.6000,0.9715,0.2604
matryoshka_3072_text_embeddings,normalized_prefix_exact,8,,,128,,,128,1.4222,10.9600,1.6826,0.2604
matryoshka_3072_text_embeddings,normalized_prefix_exact,8,,,256,,,256,2.8444,18.7200,3.1049,0.2604
matryoshka_3072_text_embeddings,normalized_prefix_exact,8,,,512,,,512,5.6889,29.0600,5.9493,0.2604
matryoshka_3072_text_embeddings,normalized_prefix_exact,8,,,1024,,,1024,11.3778,43.5600,11.6382,0.2604
matryoshka_3072_text_embeddings,normalized_prefix_exact,8,,,2048,,,2048,22.7556,60.9800,23.0160,0.2604
matryoshka_3072_text_embeddings,normalized_prefix_exact,8,,,4096,,,4096,45.5111,80.8000,45.7715,0.2604
matryoshka_3072_text_embeddings,normalized_prefix_exact,16,,,10,,,10,0.1111,5.2600,0.6319,0.5208
matryoshka_3072_text_embeddings,normalized_prefix_exact,16,,,16,,,16,0.1778,7.3400,0.6986,0.5208
matryoshka_3072_text_embeddings,normalized_prefix_exact,16,,,32,,,32,0.3556,11.2400,0.8764,0.5208
matryoshka_3072_text_embeddings,normalized_prefix_exact,16,,,64,,,64,0.7111,17.0600,1.2319,0.5208
matryoshka_3072_text_embeddings,normalized_prefix_exact,16,,,128,,,128,1.4222,24.1600,1.9431,0.5208
matryoshka_3072_text_embeddings,normalized_prefix_exact,16,,,256,,,256,2.8444,34.2200,3.3653,0.5208
matryoshka_3072_text_embeddings,normalized_prefix_exact,16,,,512,,,512,5.6889,47.1800,6.2097,0.5208
matryoshka_3072_text_embeddings,normalized_prefix_exact,16,,,1024,,,1024,11.3778,61.3000,11.8986,0.5208
matryoshka_3072_text_embeddings,normalized_prefix_exact,16,,,2048,,,2048,22.7556,77.1000,23.2764,0.5208
matryoshka_3072_text_embeddings,normalized_prefix_exact,16,,,4096,,,4096,45.5111,91.4400,46.0319,0.5208
matryoshka_3072_text_embeddings,normalized_prefix_exact,32,,,10,,,10,0.1111,12.5400,1.1528,1.0417
matryoshka_3072_text_embeddings,normalized_prefix_exact,32,,,16,,,16,0.1778,16.0800,1.2194,1.0417
matryoshka_3072_text_embeddings,normalized_prefix_exact,32,,,32,,,32,0.3556,22.9800,1.3972,1.0417
matryoshka_3072_text_embeddings,normalized_prefix_exact,32,,,64,,,64,0.7111,31.5800,1.7528,1.0417
matryoshka_3072_text_embeddings,normalized_prefix_exact,32,,,128,,,128,1.4222,42.6800,2.4639,1.0417
matryoshka_3072_text_embeddings,normalized_prefix_exact,32,,,256,,,256,2.8444,54.3000,3.8861,1.0417
matryoshka_3072_text_embeddings,normalized_prefix_exact,32,,,512,,,512,5.6889,66.6600,6.7306,1.0417
matryoshka_3072_text_embeddings,normalized_prefix_exact,32,,,1024,,,1024,11.3778,79.7000,12.4194,1.0417
matryoshka_3072_text_embeddings,normalized_prefix_exact,32,,,2048,,,2048,22.7556,90.6000,23.7972,1.0417
matryoshka_3072_text_embeddings,normalized_prefix_exact,32,,,4096,,,4096,45.5111,97.9200,46.5528,1.0417
matryoshka_3072_text_embeddings,normalized_prefix_exact,64,,,10,,,10,0.1111,24.4200,2.1944,2.0833
matryoshka_3072_text_embeddings,normalized_prefix_exact,64,,,16,,,16,0.1778,31.1200,2.2611,2.0833
matryoshka_3072_text_embeddings,normalized_prefix_exact,64,,,32,,,32,0.3556,42.3000,2.4389,2.0833
matryoshka_3072_text_embeddings,normalized_prefix_exact,64,,,64,,,64,0.7111,54.7000,2.7944,2.0833
matryoshka_3072_text_embeddings,normalized_prefix_exact,64,,,128,,,128,1.4222,66.6000,3.5056,2.0833
matryoshka_3072_text_embeddings,normalized_prefix_exact,64,,,256,,,256,2.8444,77.5200,4.9278,2.0833
matryoshka_3072_text_embeddings,normalized_prefix_exact,64,,,512,,,512,5.6889,86.5000,7.7722,2.0833
matryoshka_3072_text_embeddings,normalized_prefix_exact,64,,,1024,,,1024,11.3778,93.1800,13.4611,2.0833
matryoshka_3072_text_embeddings,normalized_prefix_exact,64,,,2048,,,2048,22.7556,97.2800,24.8389,2.0833
matryoshka_3072_text_embeddings,normalized_prefix_exact,64,,,4096,,,4096,45.5111,99.5200,47.5944,2.0833
matryoshka_3072_text_embeddings,normalized_prefix_exact,128,,,10,,,10,0.1111,43.1000,4.2778,4.1667
matryoshka_3072_text_embeddings,normalized_prefix_exact,128,,,16,,,16,0.1778,53.4600,4.3444,4.1667
matryoshka_3072_text_embeddings,normalized_prefix_exact,128,,,32,,,32,0.3556,67.3600,4.5222,4.1667
matryoshka_3072_text_embeddings,normalized_prefix_exact,128,,,64,,,64,0.7111,79.1600,4.8778,4.1667
matryoshka_3072_text_embeddings,normalized_prefix_exact,128,,,128,,,128,1.4222,87.6600,5.5889,4.1667
matryoshka_3072_text_embeddings,normalized_prefix_exact,128,,,256,,,256,2.8444,93.5400,7.0111,4.1667
matryoshka_3072_text_embeddings,normalized_prefix_exact,128,,,512,,,512,5.6889,96.8600,9.8556,4.1667
matryoshka_3072_text_embeddings,normalized_prefix_exact,128,,,1024,,,1024,11.3778,99.1000,15.5444,4.1667
matryoshka_3072_text_embeddings,normalized_prefix_exact,128,,,2048,,,2048,22.7556,99.8800,26.9222,4.1667
matryoshka_3072_text_embeddings,normalized_prefix_exact,128,,,4096,,,4096,45.5111,99.9800,49.6778,4.1667
matryoshka_3072_text_embeddings,normalized_prefix_exact,256,,,10,,,10,0.1111,59.4000,8.4444,8.3333
matryoshka_3072_text_embeddings,normalized_prefix_exact,256,,,16,,,16,0.1778,71.6800,8.5111,8.3333
matryoshka_3072_text_embeddings,normalized_prefix_exact,256,,,32,,,32,0.3556,85.8400,8.6889,8.3333
matryoshka_3072_text_embeddings,normalized_prefix_exact,256,,,64,,,64,0.7111,93.8200,9.0444,8.3333
matryoshka_3072_text_embeddings,normalized_prefix_exact,256,,,128,,,128,1.4222,97.5200,9.7556,8.3333
matryoshka_3072_text_embeddings,normalized_prefix_exact,256,,,256,,,256,2.8444,99.2000,11.1778,8.3333
matryoshka_3072_text_embeddings,normalized_prefix_exact,256,,,512,,,512,5.6889,99.8000,14.0222,8.3333
matryoshka_3072_text_embeddings,normalized_prefix_exact,256,,,1024,,,1024,11.3778,99.9800,19.7111,8.3333
matryoshka_3072_text_embeddings,normalized_prefix_exact,256,,,2048,,,2048,22.7556,100.0000,31.0889,8.3333
matryoshka_3072_text_embeddings,normalized_prefix_exact,256,,,4096,,,4096,45.5111,100.0000,53.8444,8.3333
matryoshka_3072_text_embeddings,normalized_prefix_exact,512,,,10,,,10,0.1111,75.4800,16.7778,16.6667
matryoshka_3072_text_embeddings,normalized_prefix_exact,512,,,16,,,16,0.1778,89.2400,16.8444,16.6667
matryoshka_3072_text_embeddings,normalized_prefix_exact,512,,,32,,,32,0.3556,97.7400,17.0222,16.6667
matryoshka_3072_text_embeddings,normalized_prefix_exact,512,,,64,,,64,0.7111,99.6000,17.3778,16.6667
matryoshka_3072_text_embeddings,normalized_prefix_exact,512,,,128,,,128,1.4222,99.9200,18.0889,16.6667
matryoshka_3072_text_embeddings,normalized_prefix_exact,512,,,256,,,256,2.8444,100.0000,19.5111,16.6667
matryoshka_3072_text_embeddings,normalized_prefix_exact,512,,,512,,,512,5.6889,100.0000,22.3556,16.6667
matryoshka_3072_text_embeddings,normalized_prefix_exact,512,,,1024,,,1024,11.3778,100.0000,28.0444,16.6667
matryoshka_3072_text_embeddings,normalized_prefix_exact,512,,,2048,,,2048,22.7556,100.0000,39.4222,16.6667
matryoshka_3072_text_embeddings,normalized_prefix_exact,512,,,4096,,,4096,45.5111,100.0000,62.1778,16.6667
matryoshka_3072_text_embeddings,normalized_prefix_exact,768,,,10,,,10,0.1111,88.0000,25.1111,25.0000
matryoshka_3072_text_embeddings,normalized_prefix_exact,768,,,16,,,16,0.1778,98.4600,25.1778,25.0000
matryoshka_3072_text_embeddings,normalized_prefix_exact,768,,,32,,,32,0.3556,99.9600,25.3556,25.0000
matryoshka_3072_text_embeddings,normalized_prefix_exact,768,,,64,,,64,0.7111,100.0000,25.7111,25.0000
matryoshka_3072_text_embeddings,normalized_prefix_exact,768,,,128,,,128,1.4222,100.0000,26.4222,25.0000
matryoshka_3072_text_embeddings,normalized_prefix_exact,768,,,256,,,256,2.8444,100.0000,27.8444,25.0000
matryoshka_3072_text_embeddings,normalized_prefix_exact,768,,,512,,,512,5.6889,100.0000,30.6889,25.0000
matryoshka_3072_text_embeddings,normalized_prefix_exact,768,,,1024,,,1024,11.3778,100.0000,36.3778,25.0000
matryoshka_3072_text_embeddings,normalized_prefix_exact,768,,,2048,,,2048,22.7556,100.0000,47.7556,25.0000
matryoshka_3072_text_embeddings,normalized_prefix_exact,768,,,4096,,,4096,45.5111,100.0000,70.5111,25.0000
matryoshka_3072_text_embeddings,normalized_prefix_exact,1536,,,10,,,10,0.1111,92.3600,50.1111,50.0000
matryoshka_3072_text_embeddings,normalized_prefix_exact,1536,,,16,,,16,0.1778,99.6400,50.1778,50.0000
matryoshka_3072_text_embeddings,normalized_prefix_exact,1536,,,32,,,32,0.3556,100.0000,50.3556,50.0000
matryoshka_3072_text_embeddings,normalized_prefix_exact,1536,,,64,,,64,0.7111,100.0000,50.7111,50.0000
matryoshka_3072_text_embeddings,normalized_prefix_exact,1536,,,128,,,128,1.4222,100.0000,51.4222,50.0000
matryoshka_3072_text_embeddings,normalized_prefix_exact,1536,,,256,,,256,2.8444,100.0000,52.8444,50.0000
matryoshka_3072_text_embeddings,normalized_prefix_exact,1536,,,512,,,512,5.6889,100.0000,55.6889,50.0000
matryoshka_3072_text_embeddings,normalized_prefix_exact,1536,,,1024,,,1024,11.3778,100.0000,61.3778,50.0000
matryoshka_3072_text_embeddings,normalized_prefix_exact,1536,,,2048,,,2048,22.7556,100.0000,72.7556,50.0000
matryoshka_3072_text_embeddings,normalized_prefix_exact,1536,,,4096,,,4096,45.5111,100.0000,95.5111,50.0000
matryoshka_3072_text_embeddings,normalized_prefix_exact,3072,,,10,,,10,0.1111,100.0000,100.1111,100.0000
matryoshka_3072_text_embeddings,normalized_prefix_exact,3072,,,16,,,16,0.1778,100.0000,100.1778,100.0000
matryoshka_3072_text_embeddings,normalized_prefix_exact,3072,,,32,,,32,0.3556,100.0000,100.3556,100.0000
matryoshka_3072_text_embeddings,normalized_prefix_exact,3072,,,64,,,64,0.7111,100.0000,100.7111,100.0000
matryoshka_3072_text_embeddings,normalized_prefix_exact,3072,,,128,,,128,1.4222,100.0000,101.4222,100.0000
matryoshka_3072_text_embeddings,normalized_prefix_exact,3072,,,256,,,256,2.8444,100.0000,102.8444,100.0000
matryoshka_3072_text_embeddings,normalized_prefix_exact,3072,,,512,,,512,5.6889,100.0000,105.6889,100.0000
matryoshka_3072_text_embeddings,normalized_prefix_exact,3072,,,1024,,,1024,11.3778,100.0000,111.3778,100.0000
matryoshka_3072_text_embeddings,normalized_prefix_exact,3072,,,2048,,,2048,22.7556,100.0000,122.7556,100.0000
matryoshka_3072_text_embeddings,normalized_prefix_exact,3072,,,4096,,,4096,45.5111,100.0000,145.5111,100.0000
matryoshka_3072_text_embeddings,pca1,16,1,512,,1,512,512.000,5.6889,12.2400,,0.5208
matryoshka_3072_text_embeddings,pca1,16,1,1024,,1,1024,1024.000,11.3778,23.3200,,0.5208
matryoshka_3072_text_embeddings,pca1,16,1,2048,,1,2048,2048.000,22.7556,41.3600,,0.5208
matryoshka_3072_text_embeddings,pca1,16,1,4096,,1,4096,4096.000,45.5111,68.9000,,0.5208
matryoshka_3072_text_embeddings,pca1,16,1,8192,,1,8192,8192.000,91.0222,98.5800,,0.5208
matryoshka_3072_text_embeddings,gaussian_or,16,4,4096,,1,16384,8161.626,90.6847,96.8600,,0.5208
matryoshka_3072_text_embeddings,gaussian_or,16,8,2048,,1,16384,7775.166,86.3907,94.6200,,0.5208
matryoshka_3072_text_embeddings,gaussian_or,16,16,1024,,1,16384,7556.564,83.9618,93.0600,,0.5208
matryoshka_3072_text_embeddings,gaussian_or,16,32,512,,1,16384,7478.304,83.0923,92.2800,,0.5208
matryoshka_3072_text_embeddings,pca1,32,1,512,,1,512,512.000,5.6889,14.9200,,1.0417
matryoshka_3072_text_embeddings,pca1,32,1,1024,,1,1024,1024.000,11.3778,27.6600,,1.0417
matryoshka_3072_text_embeddings,pca1,32,1,2048,,1,2048,2048.000,22.7556,47.6400,,1.0417
matryoshka_3072_text_embeddings,pca1,32,1,4096,,1,4096,4096.000,45.5111,75.3000,,1.0417
matryoshka_3072_text_embeddings,pca1,32,1,8192,,1,8192,8192.000,91.0222,99.6200,,1.0417
matryoshka_3072_text_embeddings,gaussian_or,32,4,4096,,1,16384,8180.286,90.8921,96.7000,,1.0417
matryoshka_3072_text_embeddings,gaussian_or,32,8,2048,,1,16384,7793.358,86.5929,94.7800,,1.0417
matryoshka_3072_text_embeddings,gaussian_or,32,16,1024,,1,16384,7616.034,84.6226,93.5200,,1.0417
matryoshka_3072_text_embeddings,gaussian_or,32,32,512,,1,16384,7538.688,83.7632,93.3400,,1.0417
matryoshka_3072_text_embeddings,pca1,64,1,512,,1,512,512.000,5.6889,15.8800,,2.0833
matryoshka_3072_text_embeddings,pca1,64,1,1024,,1,1024,1024.000,11.3778,31.2800,,2.0833
matryoshka_3072_text_embeddings,pca1,64,1,2048,,1,2048,2048.000,22.7556,57.9200,,2.0833
matryoshka_3072_text_embeddings,pca1,64,1,4096,,1,4096,4096.000,45.5111,89.8000,,2.0833
matryoshka_3072_text_embeddings,pca1,64,1,8192,,1,8192,8192.000,91.0222,99.9000,,2.0833
matryoshka_3072_text_embeddings,gaussian_or,64,4,4096,,1,16384,8141.758,90.4640,97.1000,,2.0833
matryoshka_3072_text_embeddings,gaussian_or,64,8,2048,,1,16384,7811.940,86.7993,95.6600,,2.0833
matryoshka_3072_text_embeddings,gaussian_or,64,16,1024,,1,16384,7648.174,84.9797,93.9200,,2.0833
matryoshka_3072_text_embeddings,gaussian_or,64,32,512,,1,16384,7567.764,84.0863,94.3400,,2.0833
matryoshka_3072_text_embeddings,pca1,128,1,512,,1,512,512.000,5.6889,25.7200,,4.1667
matryoshka_3072_text_embeddings,pca1,128,1,1024,,1,1024,1024.000,11.3778,45.1600,,4.1667
matryoshka_3072_text_embeddings,pca1,128,1,2048,,1,2048,2048.000,22.7556,72.1400,,4.1667
matryoshka_3072_text_embeddings,pca1,128,1,4096,,1,4096,4096.000,45.5111,93.6200,,4.1667
matryoshka_3072_text_embeddings,pca1,128,1,8192,,1,8192,8192.000,91.0222,99.9000,,4.1667
matryoshka_3072_text_embeddings,gaussian_or,128,4,4096,,1,16384,8175.616,90.8402,96.3400,,4.1667
matryoshka_3072_text_embeddings,gaussian_or,128,8,2048,,1,16384,7829.764,86.9974,95.2600,,4.1667
matryoshka_3072_text_embeddings,gaussian_or,128,16,1024,,1,16384,7646.638,84.9626,94.7600,,4.1667
matryoshka_3072_text_embeddings,gaussian_or,128,32,512,,1,16384,7562.760,84.0307,94.7200,,4.1667
matryoshka_3072_text_embeddings,pca1,256,1,512,,1,512,512.000,5.6889,26.4800,,8.3333
matryoshka_3072_text_embeddings,pca1,256,1,1024,,1,1024,1024.000,11.3778,47.6600,,8.3333
matryoshka_3072_text_embeddings,pca1,256,1,2048,,1,2048,2048.000,22.7556,74.8200,,8.3333
matryoshka_3072_text_embeddings,pca1,256,1,4096,,1,4096,4096.000,45.5111,94.9800,,8.3333
matryoshka_3072_text_embeddings,pca1,256,1,8192,,1,8192,8192.000,91.0222,99.9400,,8.3333
matryoshka_3072_text_embeddings,gaussian_or,256,4,4096,,1,16384,8179.020,90.8780,97.4200,,8.3333
matryoshka_3072_text_embeddings,gaussian_or,256,8,2048,,1,16384,7823.396,86.9266,96.3000,,8.3333
matryoshka_3072_text_embeddings,gaussian_or,256,16,1024,,1,16384,7659.096,85.1011,95.6400,,8.3333
matryoshka_3072_text_embeddings,gaussian_or,256,32,512,,1,16384,7574.182,84.1576,95.1200,,8.3333
matryoshka_3072_text_embeddings,pca1,512,1,512,,1,512,512.000,5.6889,28.9800,,16.6667
matryoshka_3072_text_embeddings,pca1,512,1,1024,,1,1024,1024.000,11.3778,50.2200,,16.6667
matryoshka_3072_text_embeddings,pca1,512,1,2048,,1,2048,2048.000,22.7556,77.1400,,16.6667
matryoshka_3072_text_embeddings,pca1,512,1,4096,,1,4096,4096.000,45.5111,95.5200,,16.6667
matryoshka_3072_text_embeddings,pca1,512,1,8192,,1,8192,8192.000,91.0222,99.9400,,16.6667
matryoshka_3072_text_embeddings,gaussian_or,512,4,4096,,1,16384,8118.180,90.2020,97.8800,,16.6667
matryoshka_3072_text_embeddings,gaussian_or,512,8,2048,,1,16384,7819.784,86.8865,95.8800,,16.6667
matryoshka_3072_text_embeddings,gaussian_or,512,16,1024,,1,16384,7668.550,85.2061,94.8000,,16.6667
matryoshka_3072_text_embeddings,gaussian_or,512,32,512,,1,16384,7591.688,84.3521,94.4600,,16.6667
matryoshka_3072_text_embeddings,pca1,768,1,512,,1,512,512.000,5.6889,29.5800,,25.0000
matryoshka_3072_text_embeddings,pca1,768,1,1024,,1,1024,1024.000,11.3778,51.6800,,25.0000
matryoshka_3072_text_embeddings,pca1,768,1,2048,,1,2048,2048.000,22.7556,77.7400,,25.0000
matryoshka_3072_text_embeddings,pca1,768,1,4096,,1,4096,4096.000,45.5111,95.8000,,25.0000
matryoshka_3072_text_embeddings,pca1,768,1,8192,,1,8192,8192.000,91.0222,99.9600,,25.0000
matryoshka_3072_text_embeddings,gaussian_or,768,4,4096,,1,16384,8203.268,91.1474,97.0600,,25.0000
matryoshka_3072_text_embeddings,gaussian_or,768,8,2048,,1,16384,7851.940,87.2438,95.5400,,25.0000
matryoshka_3072_text_embeddings,gaussian_or,768,16,1024,,1,16384,7680.944,85.3438,94.7200,,25.0000
matryoshka_3072_text_embeddings,gaussian_or,768,32,512,,1,16384,7602.074,84.4675,94.7600,,25.0000
matryoshka_3072_text_embeddings,pca1,3072,1,512,,1,512,512.000,5.6889,30.1000,,100.0000
matryoshka_3072_text_embeddings,pca1,3072,1,1024,,1,1024,1024.000,11.3778,52.2000,,100.0000
matryoshka_3072_text_embeddings,pca1,3072,1,2048,,1,2048,2048.000,22.7556,77.9400,,100.0000
matryoshka_3072_text_embeddings,pca1,3072,1,4096,,1,4096,4096.000,45.5111,95.8600,,100.0000
matryoshka_3072_text_embeddings,pca1,3072,1,8192,,1,8192,8192.000,91.0222,99.9600,,100.0000
matryoshka_3072_text_embeddings,gaussian_or,3072,4,4096,,1,16384,8209.756,91.2195,97.0800,,100.0000
matryoshka_3072_text_embeddings,gaussian_or,3072,8,2048,,1,16384,7849.918,87.2213,94.8600,,100.0000
matryoshka_3072_text_embeddings,gaussian_or,3072,16,1024,,1,16384,7682.588,85.3621,94.0200,,100.0000
matryoshka_3072_text_embeddings,gaussian_or,3072,32,512,,1,16384,7600.472,84.4497,94.0600,,100.0000
